"table_name","CPC","engagement cost","Conversion_cost","Impressions"
twitter,0.5189458817873133,0.4825370215143895,690.8,9642974
tiktok_ads,0.961162761017465,0.0025840850397695187,2719.5833333333335,37887685
facebook,0.9985349550566942,0.12177989871372762,13.603118503118504,7145448
bing,1.1907164480322907,0.03627309335710553,18.4375,32531