"NAME","CPC"
Twitter,0.5189458817873133
Ttiktok Ads,0.961162761017465
Facebook,0.9985349550566942
Bing,1.1907164480322907